value,count
-1622.426876,0
-1619.376166,0
-1616.331208,0
-1613.291988,0
-1610.258489,0
-1607.230697,0
-1604.208596,0
-1601.192172,0
-1598.181408,0
-1595.17629,0
-1592.176802,0
-1589.18293,0
-1586.194659,0
-1583.211973,0
-1580.234858,0
-1577.263298,0
-1574.297279,0
-1571.336786,0
-1568.381804,0
-1565.432319,0
-1562.488315,0
-1559.549777,0
-1556.616692,0
-1553.689045,0
-1550.76682,0
-1547.850004,0
-1544.938581,0
-1542.032538,0
-1539.13186,0
-1536.236532,0
-1533.34654,0
-1530.46187,0
-1527.582508,0
-1524.708438,0
-1521.839647,0
-1518.976121,0
-1516.117846,0
-1513.264806,0
-1510.416989,0
-1507.57438,0
-1504.736965,0
-1501.904731,0
-1499.077662,0
-1496.255745,0
-1493.438967,0
-1490.627313,0
-1487.82077,0
-1485.019323,0
-1482.222959,0
-1479.431665,0
-1476.645426,0
-1473.864229,0
-1471.08806,0
-1468.316906,0
-1465.550753,0
-1462.789587,0
-1460.033395,0
-1457.282164,0
-1454.53588,0
-1451.79453,0
-1449.0581,0
-1446.326576,0
-1443.599947,0
-1440.878198,0
-1438.161316,0
-1435.449288,0
-1432.7421,0
-1430.039741,0
-1427.342195,0
-1424.649452,0
-1421.961496,0
-1419.278316,0
-1416.599898,0
-1413.926229,0
-1411.257297,0
-1408.593089,0
-1405.933591,0
-1403.278791,0
-1400.628676,0
-1397.983233,0
-1395.34245,0
-1392.706313,0
-1390.074811,0
-1387.447931,0
-1384.825659,0
-1382.207983,0
-1379.594892,0
-1376.986371,0
-1374.382409,0
-1371.782994,0
-1369.188112,0
-1366.597752,0
-1364.011901,0
-1361.430546,0
-1358.853676,0
-1356.281279,0
-1353.713341,0
-1351.14985,0
-1348.590795,0
-1346.036164,0
-1343.485943,0
-1340.940122,0
-1338.398688,0
-1335.861628,0
-1333.328932,0
-1330.800586,0
-1328.276579,0
-1325.7569,0
-1323.241535,0
-1320.730474,0
-1318.223704,0
-1315.721214,0
-1313.222992,0
-1310.729025,0
-1308.239303,0
-1305.753814,0
-1303.272546,0
-1300.795487,0
-1298.322625,0
-1295.85395,0
-1293.389449,0
-1290.929112,0
-1288.472926,0
-1286.02088,0
-1283.572962,0
-1281.129162,0
-1278.689468,0
-1276.253867,0
-1273.822351,0
-1271.394905,0
-1268.971521,0
-1266.552185,0
-1264.136888,0
-1261.725617,0
-1259.318362,0
-1256.915112,0
-1254.515854,0
-1252.12058,0
-1249.729276,0
-1247.341933,0
-1244.958538,0
-1242.579082,0
-1240.203553,0
-1237.831941,0
-1235.464233,0
-1233.100421,0
-1230.740492,0
-1228.384435,0
-1226.032241,0
-1223.683898,0
-1221.339395,0
-1218.998723,0
-1216.661869,0
-1214.328824,0
-1211.999576,0
-1209.674116,0
-1207.352432,0
-1205.034514,0
-1202.720352,0
-1200.409934,0
-1198.103251,0
-1195.800292,0
-1193.501046,0
-1191.205504,0
-1188.913654,0
-1186.625487,0
-1184.340991,0
-1182.060157,0
-1179.782975,0
-1177.509434,0
-1175.239523,0
-1172.973234,0
-1170.710554,0
-1168.451475,0
-1166.195987,0
-1163.944078,0
-1161.695739,0
-1159.45096,0
-1157.209731,0
-1154.972042,0
-1152.737883,0
-1150.507243,0
-1148.280114,0
-1146.056484,0
-1143.836344,0
-1141.619685,0
-1139.406496,0
-1137.196767,0
-1134.99049,0
-1132.787653,0
-1130.588247,0
-1128.392263,0
-1126.19969,0
-1124.01052,0
-1121.824741,0
-1119.642346,0
-1117.463324,0
-1115.287665,0
-1113.11536,0
-1110.946399,0
-1108.780774,0
-1106.618473,0
-1104.459489,0
-1102.303811,0
-1100.15143,0
-1098.002337,0
-1095.856521,0
-1093.713975,0
-1091.574688,0
-1089.438651,0
-1087.305855,0
-1085.176291,0
-1083.049949,0
-1080.92682,0
-1078.806895,0
-1076.690164,0
-1074.576619,0
-1072.466251,0
-1070.35905,0
-1068.255007,0
-1066.154113,0
-1064.056359,0
-1061.961735,0
-1059.870234,0
-1057.781846,0
-1055.696562,0
-1053.614373,0
-1051.53527,0
-1049.459245,0
-1047.386287,0
-1045.31639,0
-1043.249542,0
-1041.185737,0
-1039.124965,0
-1037.067216,0
-1035.012484,0
-1032.960758,0
-1030.91203,0
-1028.866292,0
-1026.823534,0
-1024.783748,0
-1022.746925,0
-1020.713058,0
-1018.682136,0
-1016.654152,0
-1014.629097,0
-1012.606963,0
-1010.587741,0
-1008.571422,0
-1006.557998,0
-1004.547461,0
-1002.539802,0
-1000.535013,0
-998.533085,0
-996.5340103,0
-994.5377802,0
-992.5443865,0
-990.5538208,0
-988.5660749,0
-986.5811405,0
-984.5990093,0
-982.6196731,0
-980.6431238,0
-978.669353,0
-976.6983527,0
-974.7301147,0
-972.7646309,0
-970.8018931,0
-968.8418933,0
-966.8846234,0
-964.9300753,0
-962.9782411,0
-961.0291126,0
-959.0826819,0
-957.1389411,0
-955.1978821,0
-953.259497,0
-951.323778,0
-949.390717,0
-947.4603063,0
-945.5325379,0
-943.6074041,0
-941.684897,0
-939.7650087,0
-937.8477316,0
-935.9330577,0
-934.0209795,0
-932.1114891,0
-930.2045788,0
-928.300241,0
-926.398468,0
-924.499252,0
-922.6025855,0
-920.7084609,0
-918.8168705,0
-916.9278067,0
-915.041262,0
-913.1572289,0
-911.2756998,0
-909.3966671,0
-907.5201234,0
-905.6460613,0
-903.7744732,0
-901.9053517,0
-900.0386894,0
-898.1744788,0
-896.3127127,0
-894.4533836,0
-892.5964841,0
-890.7420069,0
-888.8899448,0
-887.0402903,0
-885.1930363,0
-883.3481754,0
-881.5057004,0
-879.6656041,0
-877.8278792,0
-875.9925186,0
-874.159515,0
-872.3288613,0
-870.5005504,0
-868.6745751,0
-866.8509283,0
-865.029603,0
-863.2105919,0
-861.3938881,0
-859.5794846,0
-857.7673742,0
-855.9575501,0
-854.1500051,0
-852.3447323,0
-850.5417247,0
-848.7409754,0
-846.9424775,0
-845.1462241,0
-843.3522082,0
-841.5604229,0
-839.7708615,0
-837.983517,0
-836.1983826,0
-834.4154515,0
-832.634717,0
-830.8561721,0
-829.0798102,0
-827.3056245,0
-825.5336083,0
-823.7637548,0
-821.9960574,0
-820.2305093,0
-818.4671038,0
-816.7058344,0
-814.9466944,0
-813.1896771,0
-811.434776,0
-809.6819844,0
-807.9312958,0
-806.1827036,0
-804.4362012,0
-802.6917822,0
-800.94944,0
-799.2091681,0
-797.47096,0
-795.7348092,0
-794.0007094,0
-792.268654,0
-790.5386367,0
-788.8106509,0
-787.0846904,0
-785.3607487,0
-783.6388196,0
-781.9188965,0
-780.2009732,0
-778.4850435,0
-776.7711009,0
-775.0591391,0
-773.349152,0
-771.6411332,0
-769.9350765,0
-768.2309757,0
-766.5288246,0
-764.8286169,0
-763.1303464,0
-761.4340071,0
-759.7395926,0
-758.047097,0
-756.356514,0
-754.6678376,0
-752.9810616,0
-751.2961799,0
-749.6131866,0
-747.9320755,0
-746.2528405,0
-744.5754757,0
-742.8999751,0
-741.2263326,0
-739.5545422,0
-737.884598,0
-736.2164941,0
-734.5502244,0
-732.885783,0
-731.2231641,0
-729.5623617,0
-727.90337,0
-726.246183,0
-724.5907949,0
-722.9371998,0
-721.285392,0
-719.6353656,0
-717.9871147,0
-716.3406336,0
-714.6959166,0
-713.0529578,0
-711.4117515,0
-709.772292,0
-708.1345734,0
-706.4985902,0
-704.8643366,0
-703.231807,0
-701.6009956,0
-699.9718968,0
-698.344505,0
-696.7188144,0
-695.0948196,0
-693.4725149,0
-691.8518947,0
-690.2329534,0
-688.6156854,0
-687.0000852,0
-685.3861473,0
-683.7738662,0
-682.1632362,0
-680.554252,0
-678.9469079,0
-677.3411986,0
-675.7371186,0
-674.1346624,0
-672.5338246,0
-670.9345998,0
-669.3369825,0
-667.7409673,0
-666.1465489,0
-664.5537219,0
-662.9624809,0
-661.3728206,0
-659.7847356,0
-658.1982205,0
-656.6132702,0
-655.0298793,0
-653.4480424,0
-651.8677544,0
-650.2890099,0
-648.7118038,0
-647.1361306,0
-645.5619854,0
-643.9893627,0
-642.4182575,0
-640.8486644,0
-639.2805784,0
-637.7139943,0
-636.1489069,0
-634.5853111,0
-633.0232017,0
-631.4625737,0
-629.9034219,0
-628.3457411,0
-626.7895264,0
-625.2347727,0
-623.6814749,0
-622.1296279,0
-620.5792268,0
-619.0302664,0
-617.4827418,0
-615.9366479,0
-614.3919799,0
-612.8487326,0
-611.3069012,0
-609.7664807,0
-608.227466,0
-606.6898524,0
-605.1536349,0
-603.6188085,0
-602.0853683,0
-600.5533096,0
-599.0226273,0
-597.4933167,0
-595.9653729,0
-594.4387909,0
-592.9135661,0
-591.3896936,0
-589.8671685,0
-588.3459861,0
-586.8261416,0
-585.3076302,0
-583.7904471,0
-582.2745876,0
-580.760047,0
-579.2468204,0
-577.7349033,0
-576.2242908,0
-574.7149783,0
-573.206961,0
-571.7002344,0
-570.1947937,0
-568.6906343,0
-567.1877515,0
-565.6861408,0
-564.1857973,0
-562.6867167,0
-561.1888942,0
-559.6923252,0
-558.1970052,0
-556.7029297,0
-555.2100939,0
-553.7184935,0
-552.2281238,0
-550.7389803,0
-549.2510585,0
-547.7643538,0
-546.2788619,0
-544.7945782,0
-543.3114981,0
-541.8296174,0
-540.3489314,0
-538.8694357,0
-537.3911259,0
-535.9139976,0
-534.4380464,0
-532.9632678,0
-531.4896575,0
-530.017211,0
-528.5459239,0
-527.075792,0
-525.6068109,0
-524.1389761,0
-522.6722834,0
-521.2067285,0
-519.7423069,0
-518.2790145,0
-516.8168469,0
-515.3557998,0
-513.895869,0
-512.4370501,0
-510.9793389,0
-509.5227312,0
-508.0672227,0
-506.6128092,0
-505.1594865,0
-503.7072503,0
-502.2560965,0
-500.8060208,0
-499.3570191,0
-497.9090873,0
-496.462221,0
-495.0164163,0
-493.5716688,0
-492.1279746,0
-490.6853295,0
-489.2437293,0
-487.80317,0
-486.3636474,0
-484.9251575,0
-483.4876962,0
-482.0512593,0
-480.615843,0
-479.181443,0
-477.7480554,0
-476.3156761,0
-474.8843011,0
-473.4539263,0
-472.0245479,0
-470.5961617,0
-469.1687638,0
-467.7423502,0
-466.3169169,0
-464.89246,0
-463.4689755,0
-462.0464595,0
-460.624908,0
-459.2043172,0
-457.784683,0
-456.3660016,0
-454.9482691,0
-453.5314816,0
-452.1156352,0
-450.700726,0
-449.2867502,0
-447.873704,0
-446.4615833,0
-445.0503846,0
-443.6401038,0
-442.2307372,0
-440.8222809,0
-439.4147312,0
-438.0080843,0
-436.6023363,0
-435.1974836,0
-433.7935222,0
-432.3904485,0
-430.9882588,0
-429.5869491,0
-428.186516,0
-426.7869555,0
-425.3882639,0
-423.9904377,0
-422.5934729,0
-421.1973661,0
-419.8021134,0
-418.4077112,0
-417.0141559,0
-415.6214437,0
-414.229571,0
-412.8385342,0
-411.4483296,0
-410.0589535,0
-408.6704025,0
-407.2826728,0
-405.8957609,0
-404.5096631,0
-403.1243758,0
-401.7398956,0
-400.3562187,0
-398.9733417,0
-397.591261,0
-396.2099729,0
-394.8294741,0
-393.449761,0
-392.0708299,0
-390.6926775,0
-389.3153001,0
-387.9386944,0
-386.5628567,0
-385.1877836,0
-383.8134717,0
-382.4399174,0
-381.0671174,0
-379.695068,0
-378.3237659,0
-376.9532077,0
-375.5833899,0
-374.214309,0
-372.8459617,0
-371.4783446,0
-370.1114542,0
-368.7452872,0
-367.3798401,0
-366.0151096,0
-364.6510923,0
-363.2877848,0
-361.9251838,0
-360.5632859,0
-359.2020878,0
-357.8415862,0
-356.4817777,0
-355.1226589,0
-353.7642266,0
-352.4064775,0
-351.0494083,0
-349.6930156,0
-348.3372962,0
-346.9822468,0
-345.6278642,0
-344.274145,0
-342.921086,0
-341.568684,0
-340.2169357,0
-338.8658379,0
-337.5153874,0
-336.1655808,0
-334.8164151,0
-333.467887,0
-332.1199933,0
-330.7727308,0
-329.4260963,0
-328.0800867,0
-326.7346987,0
-325.3899293,0
-324.0457752,0
-322.7022333,0
-321.3593004,0
-320.0169734,0
-318.6752492,0
-317.3341247,0
-315.9935966,0
-314.653662,0
-313.3143177,0
-311.9755607,0
-310.6373877,0
-309.2997958,0
-307.9627818,0
-306.6263428,0
-305.2904755,0
-303.9551771,0
-302.6204443,0
-301.2862742,0
-299.9526637,0
-298.6196099,0
-297.2871096,0
-295.9551598,0
-294.6237576,0
-293.2929,0
-291.9625838,0
-290.6328063,0
-289.3035642,0
-287.9748548,0
-286.6466749,0
-285.3190217,0
-283.9918922,0
-282.6652834,0
-281.3391924,0
-280.0136161,0
-278.6885518,0
-277.3639965,0
-276.0399472,0
-274.716401,0
-273.3933551,0
-272.0708064,0
-270.7487522,0
-269.4271895,0
-268.1061154,0
-266.7855271,0
-265.4654217,0
-264.1457963,0
-262.8266481,0
-261.5079741,0
-260.1897717,0
-258.8720378,0
-257.5547697,0
-256.2379645,0
-254.9216195,0
-253.6057318,0
-252.2902985,0
-250.975317,0
-249.6607843,0
-248.3466977,0
-247.0330544,0
-245.7198516,0
-244.4070866,0
-243.0947565,0
-241.7828587,0
-240.4713902,0
-239.1603485,0
-237.8497307,0
-236.5395341,0
-235.229756,0
-233.9203937,0
-232.6114443,0
-231.3029052,0
-229.9947737,0
-228.6870471,0
-227.3797226,0
-226.0727977,0
-224.7662695,0
-223.4601354,0
-222.1543927,0
-220.8490388,0
-219.544071,0
-218.2394866,0
-216.9352829,0
-215.6314574,0
-214.3280073,0
-213.0249301,0
-211.722223,0
-210.4198835,0
-209.117909,0
-207.8162968,0
-206.5150443,0
-205.2141489,0
-203.913608,0
-202.6134191,0
-201.3135794,0
-200.0140865,0
-198.7149377,0
-197.4161305,0
-196.1176624,0
-194.8195307,0
-193.5217328,0
-192.2242664,0
-190.9271287,0
-189.6303172,0
-188.3338295,0
-187.0376629,0
-185.741815,0
-184.4462833,0
-183.1510651,0
-181.8561581,0
-180.5615596,0
-179.2672673,0
-177.9732786,0
-176.679591,0
-175.386202,0
-174.0931092,0
-172.80031,0
-171.5078021,0
-170.2155829,0
-168.92365,0
-167.6320009,0
-166.3406332,0
-165.0495444,0
-163.7587322,0
-162.468194,0
-161.1779274,0
-159.8879301,0
-158.5981995,0
-157.3087333,0
-156.0195291,0
-154.7305845,0
-153.441897,0
-152.1534643,0
-150.865284,0
-149.5773536,0
-148.2896709,0
-147.0022335,0
-145.7150389,0
-144.4280848,0
-143.1413688,0
-141.8548887,0
-140.568642,0
-139.2826264,0
-137.9968395,0
-136.7112791,0
-135.4259427,0
-134.1408281,0
-132.855933,0
-131.5712549,0
-130.2867917,0
-129.002541,0
-127.7185004,0
-126.4346678,0
-125.1510407,0
-123.867617,0
-122.5843943,0
-121.3013704,0
-120.0185429,0
-118.7359096,0
-117.4534682,0
-116.1712166,0
-114.8891523,0
-113.6072732,0
-112.325577,0
-111.0440615,0
-109.7627244,0
-108.4815635,0
-107.2005766,0
-105.9197614,0
-104.6391157,0
-103.3586374,0
-102.0783241,0
-100.7981737,0
-99.51818393,0
-98.23835268,0
-96.95867771,0
-95.67915683,0
-94.39978786,0
-93.12056861,0
-91.8414969,0
-90.56257057,0
-89.28378744,0
-88.00514535,0
-86.72664214,0
-85.44827565,0
-84.17004373,0
-82.89194424,0
-81.61397502,0
-80.33613395,0
-79.05841889,0
-77.7808277,0
-76.50335826,0
-75.22600845,0
-73.94877614,0
-72.67165924,0
-71.39465562,0
-70.11776318,0
-68.84097983,0
-67.56430345,0
-66.28773197,0
-65.01126328,0
-63.73489531,0
-62.45862598,0
-61.1824532,0
-59.90637491,0
-58.63038904,0
-57.35449352,0
-56.07868629,0
-54.8029653,0
-53.52732849,0
-52.25177381,0
-50.97629923,0
-49.70090269,0
-48.42558217,0
-47.15033563,0
-45.87516104,0
-44.60005638,0
-43.32501962,0
-42.05004876,0
-40.77514177,0
-39.50029664,0
-38.22551138,0
-36.95078398,0
-35.67611245,0
-34.40149478,0
-33.126929,0
-31.85241311,0
-30.57794513,0
-29.30352308,0
-28.029145,0
-26.7548089,0
-25.48051283,0
-24.20625481,0
-22.9320329,0
-21.65784512,0
-20.38368954,0
-19.10956421,0
-17.83546717,0
-16.56139649,0
-15.28735024,0
-14.01332647,0
-12.73932326,0
-11.46533868,0
-10.19137082,0
-8.917417743,0
-7.643477547,0
-6.369548316,0
-5.095628142,0
-3.821715123,0
-2.547807357,0
-1.273902947,0
0,0
1.273902947,0
2.547807357,0
3.821715123,0
5.095628142,0
6.369548316,0
7.643477547,0
8.917417743,0
10.19137082,0
11.46533868,0
12.73932326,0
14.01332647,0
15.28735024,0
16.56139649,0
17.83546717,0
19.10956421,0
20.38368954,0
21.65784512,0
22.9320329,0
24.20625481,0
25.48051283,0
26.7548089,0
28.029145,0
29.30352308,0
30.57794513,0
31.85241311,0
33.126929,0
34.40149478,0
35.67611245,0
36.95078398,0
38.22551138,0
39.50029664,0
40.77514177,0
42.05004876,0
43.32501962,0
44.60005638,0
45.87516104,0
47.15033563,0
48.42558217,0
49.70090269,0
50.97629923,0
52.25177381,0
53.52732849,0
54.8029653,0
56.07868629,0
57.35449352,0
58.63038904,0
59.90637491,0
61.1824532,0
62.45862598,0
63.73489531,0
65.01126328,0
66.28773197,0
67.56430345,0
68.84097983,0
70.11776318,0
71.39465562,0
72.67165924,0
73.94877614,0
75.22600845,0
76.50335826,0
77.7808277,0
79.05841889,0
80.33613395,0
81.61397502,0
82.89194424,0
84.17004373,0
85.44827565,0
86.72664214,0
88.00514535,0
89.28378744,0
90.56257057,0
91.8414969,0
93.12056861,0
94.39978786,0
95.67915683,0
96.95867771,0
98.23835268,0
99.51818393,0
100.7981737,0
102.0783241,0
103.3586374,0
104.6391157,0
105.9197614,0
107.2005766,0
108.4815635,0
109.7627244,0
111.0440615,0
112.325577,0
113.6072732,0
114.8891523,0
116.1712166,0
117.4534682,0
118.7359096,0
120.0185429,0
121.3013704,0
122.5843943,0
123.867617,0
125.1510407,0
126.4346678,0
127.7185004,0
129.002541,0
130.2867917,0
131.5712549,0
132.855933,0
134.1408281,0
135.4259427,0
136.7112791,0
137.9968395,0
139.2826264,0
140.568642,0
141.8548887,0
143.1413688,0
144.4280848,0
145.7150389,0
147.0022335,0
148.2896709,0
149.5773536,0
150.865284,0
152.1534643,0
153.441897,0
154.7305845,0
156.0195291,0
157.3087333,0
158.5981995,0
159.8879301,0
161.1779274,1
162.468194,0
163.7587322,0
165.0495444,0
166.3406332,0
167.6320009,0
168.92365,0
170.2155829,0
171.5078021,0
172.80031,0
174.0931092,0
175.386202,0
176.679591,0
177.9732786,0
179.2672673,1
180.5615596,0
181.8561581,1
183.1510651,0
184.4462833,1
185.741815,0
187.0376629,0
188.3338295,0
189.6303172,0
190.9271287,0
192.2242664,0
193.5217328,0
194.8195307,0
196.1176624,0
197.4161305,0
198.7149377,0
200.0140865,0
201.3135794,0
202.6134191,0
203.913608,0
205.2141489,0
206.5150443,0
207.8162968,0
209.117909,0
210.4198835,0
211.722223,0
213.0249301,1
214.3280073,0
215.6314574,0
216.9352829,0
218.2394866,0
219.544071,0
220.8490388,0
222.1543927,0
223.4601354,0
224.7662695,0
226.0727977,0
227.3797226,0
228.6870471,0
229.9947737,0
231.3029052,0
232.6114443,0
233.9203937,0
235.229756,0
236.5395341,0
237.8497307,1
239.1603485,1
240.4713902,0
241.7828587,0
243.0947565,0
244.4070866,0
245.7198516,0
247.0330544,0
248.3466977,0
249.6607843,0
250.975317,0
252.2902985,0
253.6057318,0
254.9216195,0
256.2379645,0
257.5547697,0
258.8720378,0
260.1897717,0
261.5079741,0
262.8266481,0
264.1457963,1
265.4654217,0
266.7855271,0
268.1061154,0
269.4271895,0
270.7487522,1
272.0708064,0
273.3933551,0
274.716401,0
276.0399472,0
277.3639965,0
278.6885518,0
280.0136161,0
281.3391924,0
282.6652834,0
283.9918922,0
285.3190217,1
286.6466749,0
287.9748548,0
289.3035642,0
290.6328063,1
291.9625838,0
293.2929,0
294.6237576,0
295.9551598,0
297.2871096,0
298.6196099,0
299.9526637,0
301.2862742,0
302.6204443,0
303.9551771,1
305.2904755,1
306.6263428,0
307.9627818,0
309.2997958,0
310.6373877,0
311.9755607,0
313.3143177,0
314.653662,0
315.9935966,1
317.3341247,0
318.6752492,0
320.0169734,0
321.3593004,0
322.7022333,0
324.0457752,0
325.3899293,0
326.7346987,0
328.0800867,0
329.4260963,0
330.7727308,0
332.1199933,0
333.467887,0
334.8164151,0
336.1655808,0
337.5153874,0
338.8658379,0
340.2169357,0
341.568684,0
342.921086,1
344.274145,0
345.6278642,0
346.9822468,0
348.3372962,0
349.6930156,0
351.0494083,0
352.4064775,0
353.7642266,0
355.1226589,0
356.4817777,0
357.8415862,0
359.2020878,0
360.5632859,0
361.9251838,0
363.2877848,0
364.6510923,0
366.0151096,0
367.3798401,0
368.7452872,0
370.1114542,0
371.4783446,0
372.8459617,0
374.214309,0
375.5833899,0
376.9532077,0
378.3237659,0
379.695068,0
381.0671174,0
382.4399174,0
383.8134717,0
385.1877836,0
386.5628567,0
387.9386944,0
389.3153001,0
390.6926775,0
392.0708299,0
393.449761,0
394.8294741,0
396.2099729,0
397.591261,0
398.9733417,1
400.3562187,0
401.7398956,0
403.1243758,0
404.5096631,0
405.8957609,0
407.2826728,0
408.6704025,0
410.0589535,0
411.4483296,0
412.8385342,1
414.229571,0
415.6214437,0
417.0141559,0
418.4077112,0
419.8021134,0
421.1973661,0
422.5934729,0
423.9904377,0
425.3882639,0
426.7869555,0
428.186516,0
429.5869491,0
430.9882588,0
432.3904485,0
433.7935222,0
435.1974836,0
436.6023363,1
438.0080843,0
439.4147312,0
440.8222809,0
442.2307372,0
443.6401038,0
445.0503846,1
446.4615833,0
447.873704,0
449.2867502,0
450.700726,0
452.1156352,0
453.5314816,0
454.9482691,0
456.3660016,0
457.784683,0
459.2043172,0
460.624908,0
462.0464595,0
463.4689755,0
464.89246,0
466.3169169,0
467.7423502,0
469.1687638,0
470.5961617,0
472.0245479,0
473.4539263,0
474.8843011,0
476.3156761,0
477.7480554,0
479.181443,0
480.615843,0
482.0512593,0
483.4876962,0
484.9251575,0
486.3636474,0
487.80317,0
489.2437293,0
490.6853295,0
492.1279746,0
493.5716688,0
495.0164163,0
496.462221,0
497.9090873,0
499.3570191,0
500.8060208,0
502.2560965,2
503.7072503,0
505.1594865,0
506.6128092,0
508.0672227,0
509.5227312,0
510.9793389,0
512.4370501,0
513.895869,0
515.3557998,0
516.8168469,0
518.2790145,0
519.7423069,0
521.2067285,1
522.6722834,0
524.1389761,0
525.6068109,0
527.075792,0
528.5459239,0
530.017211,0
531.4896575,0
532.9632678,0
534.4380464,0
535.9139976,0
537.3911259,0
538.8694357,0
540.3489314,0
541.8296174,0
543.3114981,0
544.7945782,0
546.2788619,0
547.7643538,0
549.2510585,0
550.7389803,0
552.2281238,0
553.7184935,0
555.2100939,0
556.7029297,0
558.1970052,0
559.6923252,0
561.1888942,0
562.6867167,0
564.1857973,0
565.6861408,0
567.1877515,0
568.6906343,0
570.1947937,0
571.7002344,0
573.206961,0
574.7149783,0
576.2242908,0
577.7349033,0
579.2468204,0
580.760047,0
582.2745876,0
583.7904471,0
585.3076302,0
586.8261416,0
588.3459861,0
589.8671685,0
591.3896936,0
592.9135661,0
594.4387909,0
595.9653729,0
597.4933167,1
599.0226273,0
600.5533096,0
602.0853683,0
603.6188085,0
605.1536349,0
606.6898524,0
608.227466,0
609.7664807,0
611.3069012,0
612.8487326,0
614.3919799,0
615.9366479,0
617.4827418,0
619.0302664,0
620.5792268,0
622.1296279,0
623.6814749,0
625.2347727,0
626.7895264,0
628.3457411,0
629.9034219,0
631.4625737,0
633.0232017,0
634.5853111,0
636.1489069,0
637.7139943,0
639.2805784,0
640.8486644,0
642.4182575,0
643.9893627,0
645.5619854,0
647.1361306,0
648.7118038,0
650.2890099,0
651.8677544,0
653.4480424,0
655.0298793,0
656.6132702,0
658.1982205,0
659.7847356,0
661.3728206,0
662.9624809,0
664.5537219,0
666.1465489,0
667.7409673,1
669.3369825,0
670.9345998,0
672.5338246,0
674.1346624,0
675.7371186,0
677.3411986,0
678.9469079,0
680.554252,0
682.1632362,0
683.7738662,0
685.3861473,0
687.0000852,0
688.6156854,0
690.2329534,0
691.8518947,0
693.4725149,0
695.0948196,0
696.7188144,0
698.344505,0
699.9718968,0
701.6009956,0
703.231807,0
704.8643366,0
706.4985902,0
708.1345734,0
709.772292,0
711.4117515,0
713.0529578,0
714.6959166,0
716.3406336,0
717.9871147,0
719.6353656,0
721.285392,0
722.9371998,0
724.5907949,0
726.246183,0
727.90337,0
729.5623617,0
731.2231641,0
732.885783,0
734.5502244,0
736.2164941,1
737.884598,0
739.5545422,0
741.2263326,0
742.8999751,0
744.5754757,0
746.2528405,0
747.9320755,0
749.6131866,0
751.2961799,0
752.9810616,0
754.6678376,0
756.356514,0
758.047097,0
759.7395926,0
761.4340071,0
763.1303464,0
764.8286169,0
766.5288246,0
768.2309757,0
769.9350765,0
771.6411332,0
773.349152,0
775.0591391,0
776.7711009,0
778.4850435,0
780.2009732,0
781.9188965,0
783.6388196,0
785.3607487,0
787.0846904,0
788.8106509,0
790.5386367,0
792.268654,0
794.0007094,0
795.7348092,0
797.47096,0
799.2091681,1
800.94944,0
802.6917822,0
804.4362012,0
806.1827036,0
807.9312958,0
809.6819844,0
811.434776,0
813.1896771,0
814.9466944,0
816.7058344,0
818.4671038,0
820.2305093,0
821.9960574,0
823.7637548,0
825.5336083,0
827.3056245,0
829.0798102,0
830.8561721,0
832.634717,0
834.4154515,0
836.1983826,0
837.983517,0
839.7708615,0
841.5604229,0
843.3522082,0
845.1462241,0
846.9424775,0
848.7409754,0
850.5417247,0
852.3447323,0
854.1500051,0
855.9575501,0
857.7673742,0
859.5794846,1
861.3938881,0
863.2105919,0
865.029603,0
866.8509283,0
868.6745751,0
870.5005504,0
872.3288613,0
874.159515,0
875.9925186,0
877.8278792,0
879.6656041,0
881.5057004,0
883.3481754,0
885.1930363,0
887.0402903,0
888.8899448,0
890.7420069,0
892.5964841,0
894.4533836,0
896.3127127,0
898.1744788,0
900.0386894,0
901.9053517,0
903.7744732,0
905.6460613,0
907.5201234,0
909.3966671,0
911.2756998,0
913.1572289,0
915.041262,0
916.9278067,0
918.8168705,0
920.7084609,0
922.6025855,0
924.499252,0
926.398468,0
928.300241,0
930.2045788,0
932.1114891,0
934.0209795,0
935.9330577,0
937.8477316,0
939.7650087,0
941.684897,0
943.6074041,0
945.5325379,0
947.4603063,0
949.390717,0
951.323778,0
953.259497,0
955.1978821,0
957.1389411,0
959.0826819,0
961.0291126,0
962.9782411,0
964.9300753,0
966.8846234,0
968.8418933,0
970.8018931,0
972.7646309,0
974.7301147,0
976.6983527,0
978.669353,0
980.6431238,0
982.6196731,0
984.5990093,0
986.5811405,0
988.5660749,0
990.5538208,0
992.5443865,0
994.5377802,1
996.5340103,0
998.533085,0
1000.535013,0
1002.539802,0
1004.547461,0
1006.557998,0
1008.571422,0
1010.587741,0
1012.606963,0
1014.629097,0
1016.654152,0
1018.682136,0
1020.713058,0
1022.746925,0
1024.783748,0
1026.823534,0
1028.866292,0
1030.91203,0
1032.960758,0
1035.012484,0
1037.067216,0
1039.124965,0
1041.185737,0
1043.249542,0
1045.31639,0
1047.386287,0
1049.459245,0
1051.53527,0
1053.614373,0
1055.696562,0
1057.781846,0
1059.870234,0
1061.961735,0
1064.056359,0
1066.154113,0
1068.255007,0
1070.35905,0
1072.466251,0
1074.576619,0
1076.690164,0
1078.806895,0
1080.92682,0
1083.049949,0
1085.176291,0
1087.305855,0
1089.438651,0
1091.574688,0
1093.713975,0
1095.856521,0
1098.002337,0
1100.15143,0
1102.303811,0
1104.459489,0
1106.618473,0
1108.780774,0
1110.946399,0
1113.11536,0
1115.287665,0
1117.463324,0
1119.642346,0
1121.824741,0
1124.01052,0
1126.19969,0
1128.392263,0
1130.588247,0
1132.787653,0
1134.99049,0
1137.196767,0
1139.406496,0
1141.619685,0
1143.836344,0
1146.056484,0
1148.280114,0
1150.507243,0
1152.737883,0
1154.972042,0
1157.209731,0
1159.45096,0
1161.695739,0
1163.944078,0
1166.195987,0
1168.451475,0
1170.710554,0
1172.973234,0
1175.239523,0
1177.509434,0
1179.782975,0
1182.060157,0
1184.340991,0
1186.625487,0
1188.913654,0
1191.205504,0
1193.501046,0
1195.800292,0
1198.103251,0
1200.409934,0
1202.720352,0
1205.034514,0
1207.352432,0
1209.674116,0
1211.999576,0
1214.328824,0
1216.661869,0
1218.998723,0
1221.339395,0
1223.683898,0
1226.032241,0
1228.384435,0
1230.740492,0
1233.100421,0
1235.464233,0
1237.831941,0
1240.203553,0
1242.579082,0
1244.958538,0
1247.341933,0
1249.729276,0
1252.12058,0
1254.515854,0
1256.915112,0
1259.318362,0
1261.725617,0
1264.136888,0
1266.552185,0
1268.971521,0
1271.394905,0
1273.822351,0
1276.253867,0
1278.689468,0
1281.129162,0
1283.572962,0
1286.02088,0
1288.472926,0
1290.929112,0
1293.389449,0
1295.85395,0
1298.322625,0
1300.795487,0
1303.272546,0
1305.753814,0
1308.239303,0
1310.729025,0
1313.222992,0
1315.721214,0
1318.223704,0
1320.730474,0
1323.241535,0
1325.7569,0
1328.276579,0
1330.800586,0
1333.328932,0
1335.861628,0
1338.398688,0
1340.940122,0
1343.485943,0
1346.036164,0
1348.590795,0
1351.14985,0
1353.713341,0
1356.281279,0
1358.853676,0
1361.430546,0
1364.011901,0
1366.597752,0
1369.188112,0
1371.782994,0
1374.382409,0
1376.986371,0
1379.594892,0
1382.207983,0
1384.825659,0
1387.447931,0
1390.074811,0
1392.706313,0
1395.34245,0
1397.983233,0
1400.628676,0
1403.278791,0
1405.933591,0
1408.593089,0
1411.257297,0
1413.926229,0
1416.599898,0
1419.278316,0
1421.961496,0
1424.649452,0
1427.342195,0
1430.039741,0
1432.7421,0
1435.449288,0
1438.161316,0
1440.878198,0
1443.599947,0
1446.326576,0
1449.0581,0
1451.79453,0
1454.53588,0
1457.282164,0
1460.033395,0
1462.789587,0
1465.550753,0
1468.316906,0
1471.08806,0
1473.864229,0
1476.645426,0
1479.431665,0
1482.222959,0
1485.019323,0
1487.82077,0
1490.627313,0
1493.438967,0
1496.255745,0
1499.077662,0
1501.904731,0
1504.736965,0
1507.57438,0
1510.416989,0
1513.264806,0
1516.117846,0
1518.976121,0
1521.839647,0
1524.708438,0
1527.582508,0
1530.46187,0
1533.34654,0
1536.236532,0
1539.13186,0
1542.032538,0
1544.938581,1
1547.850004,0
1550.76682,0
1553.689045,0
1556.616692,0
1559.549777,0
1562.488315,0
1565.432319,0
1568.381804,0
1571.336786,1
1574.297279,0
1577.263298,0
1580.234858,0
1583.211973,0
1586.194659,0
1589.18293,0
1592.176802,0
1595.17629,0
1598.181408,0
1601.192172,0
1604.208596,0
1607.230697,0
1610.258489,0
1613.291988,0
1616.331208,0
1619.376166,0
1622.426876,0
1625.483354,0
1628.545615,0
1631.613676,0
1634.68755,0
1637.767255,0
1640.852805,0
1643.944217,0
1647.041505,0
1650.144686,0
1653.253775,0
1656.368789,0
1659.489742,0
1662.616651,0
1665.749532,0
1668.8884,0
1672.033272,0
1675.184164,0
1678.341092,0
1681.504071,0
1684.673118,0
1687.84825,0
1691.029482,0
1694.21683,0
1697.410311,0
1700.609942,0
1703.815738,0
1707.027717,0
1710.245893,0
1713.470285,0
1716.700909,0
1719.93778,0
1723.180917,0
1726.430334,0
1729.68605,0
1732.948081,0
1736.216443,0
1739.491154,0
1742.77223,0
1746.059689,0
1749.353547,0
1752.65382,0
1755.960528,0
1759.273685,0
1762.59331,0
1765.919419,0
1769.25203,0
1772.591161,0
1775.936827,0
1779.289047,0
1782.647839,0
1786.013218,0
1789.385204,0
1792.763812,0
1796.149062,0
1799.540971,0
1802.939555,0
1806.344833,0
1809.756823,0
1813.175542,0
1816.601008,0
1820.033239,0
1823.472253,0
1826.918067,0
1830.3707,0
1833.83017,0
1837.296495,0
1840.769693,0
1844.249782,0
1847.73678,0
1851.230705,0
1854.731576,0
1858.239412,0
1861.75423,0
1865.276049,0
1868.804887,0
1872.340763,0
1875.883696,0
1879.433703,0
1882.990805,0
1886.555018,0
1890.126363,0
1893.704858,0
1897.290522,0
1900.883373,0
1904.483431,0
1908.090715,0
1911.705243,0
1915.327035,0
1918.956109,0
1922.592485,0
1926.236183,0
1929.887221,0
1933.545618,0
1937.211395,0
1940.88457,0
1944.565163,0
1948.253193,0
1951.94868,0
1955.651644,0
1959.362104,0
1963.080079,0
1966.80559,0
1970.538657,0
1974.279298,0
1978.027535,0
1981.783386,0
1985.546873,0
1989.318014,0
1993.096831,0
1996.883343,0
2000.67757,0
2004.479532,0
2008.289251,0
2012.106745,0
2015.932036,0
2019.765144,0
2023.60609,0
2027.454893,0
2031.311575,0
2035.176156,0
2039.048657,0
2042.929099,0
2046.817501,0
2050.713886,0
2054.618274,0
2058.530686,0
2062.451143,0
2066.379666,0
2070.316276,0
2074.260994,0
2078.213842,0
2082.17484,0
2086.14401,0
2090.121373,0
2094.106951,0
2098.100766,0
2102.102837,0
2106.113188,0
2110.13184,0
2114.158815,0
2118.194133,0
2122.237818,0
2126.28989,0
2130.350372,0
2134.419285,0
2138.496652,0
2142.582495,0
2146.676835,0
2150.779695,0
2154.891097,0
2159.011064,0
2163.139617,0
2167.276779,0
2171.422573,0
2175.577021,0
2179.740144,0
2183.911967,0
2188.092512,0
2192.281801,0
2196.479857,0
2200.686703,0
2204.902362,0
2209.126857,0
2213.36021,0
2217.602445,0
2221.853585,0
2226.113652,0
2230.382672,0
2234.660665,0
2238.947656,0
2243.243669,0
2247.548726,0
2251.862851,0
2256.186068,0
2260.5184,0
2264.859871,0
2269.210504,0
2273.570324,0
2277.939355,0
2282.317619,0
2286.705142,0
2291.101947,0
2295.508058,0
2299.9235,0
2304.348296,0
2308.782471,0
2313.226049,0
2317.679055,0
2322.141513,0
2326.613447,0
2331.094882,0
2335.585843,0
2340.086355,0
2344.596441,0
2349.116128,0
2353.645439,0
2358.1844,0
2362.733035,0
2367.291371,0
2371.859431,0
2376.437241,0
2381.024826,0
2385.622212,0
2390.229424,0
2394.846487,0
2399.473427,0
2404.11027,0
2408.75704,0
2413.413764,0
2418.080468,0
2422.757176,0
2427.443916,0
2432.140712,0
2436.847592,0
2441.56458,0
2446.291704,0
2451.028989,0
2455.776462,0
2460.534148,0
2465.302075,0
2470.080269,0
2474.868755,0
2479.667562,0
2484.476715,0
2489.296241,0
2494.126167,0
2498.96652,0
2503.817326,0
2508.678613,0
2513.550408,0
2518.432737,0
2523.325629,0
2528.229109,0
2533.143206,0
2538.067947,0
2543.003359,0
2547.94947,0
2552.906308,0
2557.873899,0
2562.852272,0
2567.841455,0
2572.841475,0
2577.85236,0
2582.874139,0
2587.906839,0
2592.950488,0
2598.005115,0
2603.070748,0
2608.147415,0
2613.235145,0
2618.333966,0
2623.443907,0
2628.564996,0
2633.697261,0
2638.840733,0
2643.995439,0
2649.161409,0
2654.338671,0
2659.527254,0
2664.727188,0
2669.938502,0
2675.161224,0
2680.395386,0
2685.641014,0
2690.89814,0
2696.166793,0
2701.447002,0
2706.738798,0
2712.042209,0
2717.357266,0
2722.683998,0
2728.022436,0
2733.37261,0
2738.734549,0
2744.108285,0
2749.493846,0
2754.891265,0
2760.30057,0
2765.721793,0
2771.154965,0
2776.600115,0
2782.057274,0
2787.526474,0
2793.007746,0
2798.501119,0
2804.006626,0
2809.524297,0
2815.054164,0
2820.596258,0
2826.15061,0
2831.717251,0
2837.296214,0
2842.88753,0
2848.491229,0
2854.107346,0
2859.73591,0
2865.376953,0
2871.030509,0
2876.696609,0
2882.375284,0
2888.066568,0
2893.770492,0
2899.48709,0
2905.216392,0
2910.958433,0
2916.713244,0
2922.480858,0
2928.261308,0
2934.054627,0
2939.860848,0
2945.680003,0
2951.512127,0
2957.357251,0
2963.21541,0
2969.086636,0
2974.970964,0
2980.868426,0
2986.779057,0
2992.702889,0
2998.639957,0
3004.590294,0
3010.553935,0
3016.530913,0
3022.521263,0
3028.525019,0
3034.542214,0
3040.572884,0
3046.617063,0
3052.674784,0
3058.746084,0
3064.830996,0
3070.929556,0
3077.041798,0
3083.167757,0
3089.307468,0
3095.460967,0
3101.628288,0
3107.809467,0
3114.004539,0
3120.21354,0
3126.436505,0
3132.67347,0
3138.92447,0
3145.189542,0
3151.468722,0
3157.762044,0
3164.069547,0
3170.391264,0
3176.727234,0
3183.077492,0
3189.442075,0
3195.821019,0
3202.21436,0
3208.622137,0
3215.044384,0
3221.48114,0
3227.932442,0
3234.398325,0
3240.878829,0
3247.373989,0
3253.883843,0
3260.408429,0
3266.947784,0
3273.501946,0
3280.070953,0
3286.654841,0
3293.253651,0
3299.867418,0
3306.496182,0
3313.139981,0
3319.798852,0
3326.472835,0
3333.161967,0
3339.866288,0
3346.585836,0
3353.32065,0
3360.070768,0
3366.83623,0
3373.617075,0
3380.413342,0
3387.22507,0
3394.052298,0
3400.895066,0
3407.753414,0
3414.627381,0
3421.517007,0
3428.422331,0
3435.343394,0
3442.280236,0
3449.232896,0
3456.201416,0
3463.185835,0
3470.186194,0
3477.202533,0
3484.234893,0
3491.283315,0
3498.347839,0
3505.428508,0
3512.52536,0
3519.638438,0
3526.767784,0
3533.913437,0
3541.075441,0
3548.253835,0
3555.448663,0
3562.659965,0
3569.887784,0
3577.132161,0
3584.393139,0
3591.67076,0
3598.965066,0
3606.276099,0
3613.603902,0
3620.948518,0
3628.309989,0
3635.688358,0
3643.083668,0
3650.495962,0
3657.925283,0
3665.371674,0
3672.835179,0
3680.315841,0
3687.813704,0
3695.328811,0
3702.861206,0
3710.410933,0
3717.978036,0
3725.562559,0
3733.164546,0
3740.784042,0
3748.42109,0
3756.075736,0
3763.748025,0
3771.438,0
3779.145707,0
3786.871191,0
3794.614496,0
3802.375669,0
3810.154754,0
3817.951796,0
3825.766842,0
3833.599937,0
3841.451127,0
3849.320457,0
3857.207974,0
3865.113723,0
3873.037751,0
3880.980105,0
3888.94083,0
3896.919973,0
3904.917582,0
3912.933702,0
3920.96838,0
3929.021665,0
3937.093602,0
3945.184239,0
3953.293623,0
3961.421803,0
3969.568824,0
3977.734737,0
3985.919587,0
3994.123423,0
4002.346293,0
4010.588246,0
4018.84933,0
4027.129592,0
4035.429082,0
4043.747849,0
4052.085941,0
4060.443406,0
4068.820295,0
4077.216657,0
4085.632539,0
4094.067993,0
4102.523068,0
4110.997812,0
4119.492277,0
4128.006511,0
4136.540565,0
4145.09449,0
4153.668334,0
4162.26215,0
4170.875986,0
4179.509895,0
4188.163926,0
4196.838131,0
4205.532561,0
4214.247266,0
4222.982298,0
4231.737709,0
4240.51355,0
4249.309872,0
4258.126728,0
4266.964169,0
4275.822248,0
4284.701017,0
4293.600527,0
4302.520831,0
4311.461983,0
4320.424034,0
4329.407038,0
4338.411047,0
4347.436114,0
4356.482293,0
4365.549638,0
4374.638201,0
4383.748036,0
4392.879197,0
4402.031737,0
4411.205712,0
4420.401175,0
4429.61818,0
4438.856781,0
4448.117034,0
4457.398993,0
4466.702713,0
4476.028248,0
4485.375655,0
4494.744987,0
4504.136301,0
4513.549652,0
4522.985095,0
4532.442687,0
4541.922483,0
4551.42454,0
4560.948913,0
4570.49566,0
4580.064835,0
4589.656497,0
4599.270702,0
4608.907506,0
4618.566967,0
4628.249142,0
4637.954089,0
4647.681864,0
4657.432525,0
4667.206131,0
4677.002739,0
4686.822406,0
4696.665193,0
4706.531155,0
4716.420353,0
4726.332844,0
4736.268688,0
4746.227944,0
4756.210669,0
4766.216925,0
4776.246769,0
4786.300262,0
4796.377463,0
4806.478432,0
4816.603229,0
4826.751914,0
4836.924547,0
4847.121189,0
4857.3419,0
4867.586741,0
4877.855772,0
4888.149056,0
4898.466652,0
4908.808622,0
4919.175027,0
4929.56593,0
4939.981392,0
4950.421475,0
4960.886241,0
4971.375751,0
4981.890069,0
4992.429258,0
5002.993378,0
5013.582495,0
5024.19667,0
5034.835966,0
5045.500448,0
5056.190178,0
5066.90522,0
5077.645638,0
5088.411495,0
5099.202857,0
5110.019786,0
5120.862348,0
5131.730608,0
5142.624628,0
5153.544476,0
5164.490216,0
5175.461912,0
5186.459631,0
5197.483437,0
5208.533398,0
5219.609577,0
5230.712042,0
5241.840859,0
5252.996094,0
5264.177814,0
5275.386084,0
5286.620973,0
5297.882547,0
5309.170873,0
5320.486019,0
5331.828052,0
5343.19704,0
5354.59305,0
5366.016152,0
5377.466412,0
5388.943899,0
5400.448683,0
5411.98083,0
5423.540411,0
5435.127495,0
5446.74215,0
5458.384447,0
5470.054453,0
5481.75224,0
5493.477878,0
5505.231435,0
5517.012984,0
5528.822593,0
5540.660333,0
5552.526276,0
5564.420493,0
5576.343053,0
5588.29403,0
5600.273493,0
5612.281516,0
5624.318169,0
5636.383525,0
5648.477656,0
5660.600634,0
5672.752531,0
5684.933422,0
5697.143378,0
5709.382472,0
5721.650778,0
5733.94837,0
5746.275321,0
5758.631704,0
5771.017594,0
5783.433065,0
5795.878191,0
5808.353047,0
5820.857708,0
5833.392248,0
5845.956743,0
5858.551268,0
5871.175899,0
5883.83071,0
5896.515779,0
5909.231181,0
5921.976991,0
5934.753288,0
5947.560147,0
5960.397645,0
5973.26586,0
5986.164867,0
5999.094746,0
6012.055572,0
6025.047425,0
6038.070382,0
6051.124521,0
6064.209921,0
6077.326659,0
6090.474816,0
6103.654469,0
6116.865698,0
6130.108583,0
6143.383202,0
6156.689635,0
6170.027963,0
6183.398266,0
6196.800623,0
6210.235116,0
6223.701825,0
6237.200831,0
6250.732214,0
6264.296058,0
6277.892442,0
6291.521449,0
6305.18316,0
6318.877659,0
6332.605026,0
6346.365345,0
6360.158698,0
6373.985169,0
6387.84484,0
6401.737794,0
6415.664117,0
6429.62389,0
6443.617199,0
6457.644126,0
6471.704758,0
6485.799178,0
6499.927471,0
6514.089723,0
6528.286017,0
6542.516441,0
6556.78108,0
6571.080018,0
6585.413344,0
6599.781142,0
6614.1835,0
6628.620503,0
6643.09224,0
6657.598798,0
6672.140262,0
6686.716722,0
6701.328265,0
6715.97498,0
6730.656953,0
6745.374275,0
6760.127033,0
6774.915316,0
6789.739214,0
6804.598816,0
6819.494212,0
6834.425491,0
6849.392743,0
6864.396059,0
6879.435529,0
6894.511244,0
6909.623294,0
6924.771772,0
6939.956767,0
6955.178373,0
6970.43668,0
6985.731781,0
7001.063768,0
7016.432733,0
7031.83877,0
7047.281971,0
7062.76243,0
7078.28024,0
7093.835494,0
7109.428286,0
7125.058712,0
7140.726864,0
7156.432838,0
7172.176729,0
7187.958631,0
7203.77864,0
7219.636851,0
7235.533361,0
7251.468265,0
7267.441659,0
7283.45364,0
7299.504306,0
7315.593751,0
7331.722075,0
7347.889375,0
7364.095747,0
7380.341291,0
7396.626103,0
7412.950284,0
7429.313931,0
7445.717143,0
7462.16002,0
7478.642661,0
7495.165166,0
7511.727634,0
7528.330165,0
7544.972861,0
7561.655822,0
7578.379148,0
7595.142941,0
7611.947303,0
7628.792334,0
7645.678137,0
7662.604815,0
7679.572469,0
7696.581202,0
7713.631117,0
7730.722317,0
7747.854906,0
7765.028987,0
7782.244665,0
7799.502044,0
7816.801227,0
7834.142321,0
7851.525429,0
7868.950658,0
7886.418112,0
7903.927897,0
7921.48012,0
7939.074887,0
7956.712304,0
7974.392479,0
7992.115517,0
8009.881528,0
8027.690617,0
8045.542894,0
8063.438467,0
8081.377443,0
8099.359932,0
8117.386042,0
8135.455883,0
8153.569565,0
8171.727197,0
8189.928888,0
8208.174751,0
8226.464895,0
8244.79943,0
8263.178469,0
8281.602123,0
8300.070503,0
8318.583722,0
8337.141891,0
8355.745124,0
8374.393532,0
8393.08723,0
8411.826331,0
8430.610948,0
8449.441195,0
8468.317186,0
8487.239037,0
8506.206862,0
8525.220775,0
8544.280893,0
8563.387331,0
8582.540205,0
8601.739632,0
8620.985727,0
8640.278607,0
8659.618391,0
8679.005194,0
8698.439136,0
8717.920333,0
8737.448905,0
8757.024969,0
8776.648645,0
8796.320051,0
8816.039308,0
8835.806535,0
8855.621852,0
8875.48538,0
8895.397238,0
8915.357549,0
8935.366433,0
8955.424012,0
8975.530408,0
8995.685742,0
9015.890138,0
9036.143718,0
9056.446606,0
9076.798924,0
9097.200796,0
9117.652347,0
9138.153701,0
9158.704982,0
9179.306315,0
9199.957825,0
9220.659639,0
9241.411881,0
9262.214679,0
9283.068158,0
9303.972445,0
9324.927668,0
9345.933954,0
9366.99143,0
9388.100225,0
9409.260467,0
9430.472286,0
9451.735809,0
9473.051166,0
9494.418487,0
9515.837902,0
9537.309541,0
9558.833535,0
9580.410014,0
9602.039111,0
9623.720957,0
9645.455683,0
9667.243422,0
9689.084307,0
9710.97847,0
9732.926044,0
9754.927164,0
9776.981964,0
9799.090576,0
9821.253137,0
9843.469781,0
9865.740643,0
9888.065859,0
9910.445565,0
9932.879897,0
9955.368991,0
9977.912986,0
10000.51202,0
10023.16622,0
10045.87574,0
10068.64071,0
10091.46127,0
10114.33756,0
10137.26971,0
10160.25787,0
10183.30218,0
10206.40278,0
10229.55981,0
10252.7734,0
10276.04371,0
10299.37087,0
10322.75503,0
10346.19632,0
10369.6949,0
10393.2509,0
10416.86446,0
10440.53574,0
10464.26487,0
10488.05201,0
10511.89729,0
10535.80085,0
10559.76286,0
10583.78345,0
10607.86276,0
10632.00096,0
10656.19817,0
10680.45456,0
10704.77026,0
10729.14543,0
10753.58022,0
10778.07477,0
10802.62923,0
10827.24376,0
10851.9185,0
10876.6536,0
10901.44922,0
10926.30551,0
10951.22261,0
10976.20068,0
11001.23988,0
11026.34035,0
11051.50224,0
11076.72572,0
11102.01094,0
11127.35805,0
11152.76719,0
11178.23854,0
11203.77225,0
11229.36846,0
11255.02734,0
11280.74905,0
11306.53374,0
11332.38156,0
11358.29268,0
11384.26725,0
11410.30544,0
11436.4074,0
11462.57329,0
11488.80327,0
11515.0975,0
11541.45614,0
11567.87935,0
11594.3673,0
11620.92014,0
11647.53804,0
11674.22116,0
11700.96966,0
11727.78371,0
11754.66347,0
11781.60911,0
11808.62078,0
11835.69865,0
11862.8429,0
11890.05368,0
11917.33116,0
11944.67551,0
11972.0869,0
11999.56548,0
12027.11144,0
12054.72494,0
12082.40614,0
12110.15522,0
12137.97234,0
12165.85769,0
12193.81141,0
12221.8337,0
12249.92471,0
12278.08463,0
12306.31361,0
12334.61184,0
12362.97949,0
12391.41673,0
12419.92374,0
12448.50068,0
12477.14774,0
12505.86509,0
12534.6529,0
12563.51135,0
12592.44062,0
12621.44088,0
12650.51232,0
12679.6551,0
12708.86941,0
12738.15543,0
12767.51333,0
12796.9433,0
12826.44551,0
12856.02014,0
12885.66738,0
12915.38741,0
12945.18041,0
12975.04656,0
13004.98604,0
13034.99904,0
13065.08574,0
13095.24632,0
13125.48097,0
13155.78988,0
13186.17323,0
13216.6312,0
13247.16398,0
13277.77176,0
13308.45473,0
13339.21307,0
13370.04697,0
13400.95662,0
13431.94221,0
13463.00393,0
13494.14197,0
13525.35652,0
13556.64777,0
13588.01592,0
13619.46114,0
13650.98365,0
13682.58362,0
13714.26126,0
13746.01675,0
13777.85029,0
13809.76208,0
13841.75232,0
13873.82119,0
13905.96889,0
13938.19562,0
13970.50158,0
14002.88697,0
14035.35198,0
14067.89682,0
14100.52167,0
14133.22675,0
14166.01225,0
14198.87837,0
14231.82532,0
14264.85329,0
14297.96249,0
14331.15312,0
14364.42539,0
14397.77949,0
14431.21563,0
14464.73403,0
14498.33487,0
14532.01837,0
14565.78474,0
14599.63418,0
14633.56689,0
14667.5831,0
14701.68299,0
14735.86679,0
14770.13471,0
14804.48695,0
14838.92372,0
14873.44523,0
14908.0517,0
14942.74334,0
14977.52037,0
15012.38298,0
15047.3314,0
15082.36584,0
15117.48652,0
15152.69365,0
15187.98745,0
15223.36813,0
15258.83592,0
15294.39102,0
15330.03365,0
15365.76404,0
15401.5824,0
15437.48896,0
15473.48393,0
15509.56753,0
15545.73999,0
15582.00152,0
15618.35235,0
15654.7927,0
15691.3228,0
15727.94287,0
15764.65313,0
15801.4538,0
15838.34512,0
15875.32732,0
15912.40061,0
15949.56522,0
15986.82138,0
16024.16933,0
16061.60929,0
16099.14148,0
16136.76615,0
16174.48351,0
16212.29381,0
16250.19727,0
16288.19412,0
16326.2846,0
16364.46895,0
16402.74739,0
16441.12017,0
16479.58751,0
16518.14965,0
16556.80683,0
16595.55929,0
16634.40726,0
16673.35099,0
16712.39071,0
16751.52665,0
16790.75907,0
16830.0882,0
16869.51428,0
16909.03756,0
16948.65828,0
16988.37667,0
17028.19299,0
17068.10748,0
17108.12038,0
17148.23193,0
17188.4424,0
17228.75201,0
17269.16103,0
17309.66969,0
17350.27824,0
17390.98694,0
17431.79604,0
17472.70578,0
17513.71641,0
17554.8282,0
17596.04138,0
17637.35622,0
17678.77296,0
17720.29187,0
17761.91319,0
17803.63718,0
17845.46409,0
17887.3942,0
17929.42774,0
17971.56498,0
18013.80618,0
18056.1516,0
18098.60149,0
18141.15613,0
18183.81576,0
18226.58065,0
18269.45107,0
18312.42727,0
18355.50953,0
18398.69809,0
18441.99324,0
18485.39524,0
18528.90435,0
18572.52084,0
18616.24497,0
18660.07702,0
18704.01726,0
18748.06595,0
18792.22337,0
18836.48978,0
18880.86547,0
18925.35069,0
18969.94573,0
19014.65086,0
19059.46635,0
19104.39247,0
19149.42952,0
19194.57775,0
19239.83745,0
19285.20889,0
19330.69236,0
19376.28814,0
19421.9965,0
19467.81772,0
19513.75209,0
19559.79989,0
19605.9614,0
19652.2369,0
19698.62669,0
19745.13103,0
19791.75023,0
19838.48456,0
19885.33432,0
19932.29979,0
19979.38126,0
20026.57902,0
20073.89335,0
20121.32456,0
20168.87292,0
20216.53874,0
20264.32231,0
20312.22392,0
20360.24386,0
20408.38243,0
20456.63992,0
20505.01664,0
20553.51288,0
20602.12893,0
20650.8651,0
20699.72168,0
20748.69898,0
20797.79729,0
20847.01693,0
20896.35818,0
20945.82136,0
20995.40677,0
21045.11471,0
21094.94548,0
21144.8994,0
21194.97678,0
21245.17791,0
21295.50311,0
21345.95269,0
21396.52696,0
21447.22622,0
21498.05079,0
21549.00099,0
21600.07712,0
21651.2795,0
21702.60845,0
21754.06428,0
21805.6473,0
21857.35783,0
21909.1962,0
21961.16272,0
22013.2577,0
22065.48148,0
22117.83437,0
22170.31669,0
22222.92876,0
22275.67092,0
22328.54348,0
22381.54676,0
22434.6811,0
22487.94683,0
22541.34426,0
22594.87372,0
22648.53556,0
22702.33009,0
22756.25764,0
22810.31856,0
22864.51316,0
22918.84179,0
22973.30478,0
23027.90247,0
23082.63518,0
23137.50325,0
23192.50703,0
23247.64686,0
23302.92306,0
23358.33598,0
23413.88597,0
23469.57335,0
23525.39849,0
23581.36171,0
23637.46336,0
23693.7038,0
23750.08336,0
23806.60238,0
23863.26123,0
23920.06025,0
23976.99978,0
24034.08018,0
24091.3018,0
24148.66498,0
24206.17009,0
24263.81748,0
24321.6075,0
24379.5405,0
24437.61685,0
24495.8369,0
24554.20101,0
24612.70954,0
24671.36284,0
24730.16128,0
24789.10523,0
24848.19503,0
24907.43107,0
24966.81369,0
25026.34327,0
25086.02018,0
25145.84477,0
25205.81742,0
25265.9385,0
25326.20838,0
25386.62743,0
25447.19601,0
25507.91451,0
25568.7833,0
25629.80274,0
25690.97322,0
25752.29512,0
25813.7688,0
25875.39466,0
25937.17306,0
25999.10439,0
26061.18903,0
26123.42736,0
26185.81976,0
26248.36662,0
26311.06833,0
26373.92526,0
26436.93782,0
26500.10637,0
26563.43132,0
26626.91305,0
26690.55195,0
26754.34842,0
26818.30285,0
26882.41563,0
26946.68715,0
27011.11782,0
27075.70802,0
27140.45816,0
27205.36863,0
27270.43984,0
27335.67219,0
27401.06606,0
27466.62188,0
27532.34004,0
27598.22095,0
27664.26501,0
27730.47263,0
27796.84421,0
27863.38017,0
27930.08092,0
27996.94686,0
28063.97841,0
28131.17597,0
28198.53998,0
28266.07083,0
28333.76894,0
28401.63474,0
28469.66863,0
28537.87104,0
28606.24239,0
28674.7831,0
28743.49359,0
28812.37429,0
28881.42561,0
28950.64798,0
29020.04184,0
29089.6076,0
29159.34569,0
29229.25655,0
29299.34061,0
29369.59829,0
29440.03004,0
29510.63627,0
29581.41744,0
29652.37396,0
29723.50629,0
29794.81486,0
29866.3001,0
29937.96247,0
30009.80239,0
30081.82031,0
30154.01668,0
30226.39195,0
30298.94654,0
30371.68092,0
30444.59553,0
30517.69082,0
30590.96724,0
30664.42525,0
30738.06528,0
30811.88781,0
30885.89327,0
30960.08214,0
31034.45486,0
31109.01189,0
31183.75369,0
31258.68073,0
31333.79346,0
31409.09235,0
31484.57786,0
31560.25046,0
31636.11061,0
31712.15877,0
31788.39543,0
31864.82104,0
31941.43608,0
32018.24102,0
32095.23634,0
32172.4225,0
32249.79999,0
32327.36927,0
32405.13083,0
32483.08515,0
32561.23271,0
32639.57399,0
32718.10946,0
32796.83963,0
32875.76496,0
32954.88595,0
33034.20308,0
33113.71685,0
33193.42773,0
33273.33624,0
33353.44284,0
33433.74805,0
33514.25235,0
33594.95624,0
33675.86022,0
33756.96479,0
33838.27044,0
33919.77768,0
34001.48701,0
34083.39893,0
34165.51395,0
34247.83257,0
34330.3553,0
34413.08265,0
34496.01513,0
34579.15325,0
34662.49752,0
34746.04846,0
34829.80658,0
34913.77239,0
34997.94642,0
35082.32919,0
35166.9212,0
35251.72299,0
35336.73508,0
35421.95799,0
35507.39225,0
35593.03837,0
35678.8969,0
35764.96836,0
35851.25328,0
35937.75219,0
36024.46562,0
36111.39412,0
36198.53821,0
36285.89843,0
36373.47532,0
36461.26942,0
36549.28128,0
36637.51143,0
36725.96041,0
36814.62878,0
36903.51708,0
36992.62586,0
37081.95566,0
37171.50705,0
37261.28056,0
37351.27675,0
37441.49618,0
37531.9394,0
37622.60698,0
37713.49946,0
37804.61742,0
37895.96141,0
37987.53199,0
38079.32973,0
38171.3552,0
38263.60896,0
38356.09158,0
38448.80363,0
38541.74568,0
38634.91831,0
38728.32209,0
38821.9576,0
38915.82541,0
39009.9261,0
39104.26026,0
39198.82846,0
39293.63128,0
39388.66932,0
39483.94315,0
39579.45337,0
39675.20056,0
39771.18531,0
39867.40822,0
39963.86988,0
40060.57088,0
40157.51182,0
40254.69329,0
40352.11591,0
40449.78026,0
40547.68695,0
40645.83658,0
40744.22976,0
40842.86709,0
40941.74919,0
41040.87666,0
41140.25012,0
41239.87016,0
41339.73743,0
41439.85251,0
41540.21604,0
41640.82863,0
41741.69091,0
41842.80349,0
41944.167,0
42045.78206,0
42147.6493,0
42249.76935,0
42352.14284,0
42454.7704,0
42557.65266,0
42660.79025,0
42764.18382,0
42867.83399,0
42971.74142,0
43075.90674,0
43180.33058,0
43285.01361,0
43389.95645,0
43495.15977,0
43600.6242,0
43706.3504,0
43812.33902,0
43918.59071,0
44025.10613,0
44131.88594,0
44238.93079,0
44346.24135,0
44453.81827,0
44561.66222,0
44669.77387,0
44778.15388,0
44886.80291,0
44995.72165,0
45104.91076,0
45214.37092,0
45324.10279,0
45434.10706,0
45544.38441,0
45654.93551,0
45765.76105,0
45876.86171,0
45988.23818,0
46099.89114,0
46211.82128,0
46324.0293,0
46436.51588,0
46549.28171,0
46662.3275,0
46775.65394,0
46889.26174,0
47003.15158,0
47117.32417,0
47231.78022,0
47346.52044,0
47461.54552,0
47576.85619,0
47692.45315,0
47808.33711,0
47924.50879,0
48040.96891,0
48157.71818,0
48274.75733,0
48392.08707,0
48509.70814,0
48627.62125,0
48745.82713,0
48864.32652,0
48983.12014,0
49102.20873,0
49221.59301,0
49341.27374,0
49461.25164,0
49581.52745,0
49702.10192,0
49822.9758,0
49944.14982,0
50065.62474,0
50187.4013,0
50309.48025,0
50431.86236,0
50554.54837,0
50677.53903,0
50800.83512,0
50924.43739,0
51048.3466,0
51172.56351,0
51297.0889,0
51421.92353,0
51547.06817,0
51672.5236,0
51798.29058,0
51924.36989,0
52050.76232,0
52177.46864,0
52304.48962,0
52431.82607,0
52559.47876,0
52687.44848,0
52815.73601,0
52944.34216,0
53073.26771,0
53202.51346,0
53332.08021,0
53461.96875,0
53592.17989,0
53722.71444,0
53853.57319,0
53984.75695,0
54116.26653,0
54248.10276,0
54380.26642,0
54512.75836,0
54645.57937,0
54778.73028,0
54912.21192,0
55046.0251,0
55180.17066,0
55314.64941,0
55449.46219,0
55584.60983,0
55720.09317,0
55855.91304,0
55992.07028,0
56128.56572,0
56265.40022,0
56402.57461,0
56540.08974,0
56677.94647,0
56816.14563,0
56954.68809,0
57093.5747,0
57232.80632,0
57372.38379,0
57512.308,0
57652.5798,0
57793.20005,0
57934.16962,0
58075.48939,0
58217.16022,0
58359.18299,0
58501.55858,0
58644.28786,0
58787.37171,0
58930.81103,0
59074.60668,0
59218.75957,0
59363.27058,0
59508.1406,0
59653.37053,0
59798.96125,0
59944.91368,0
60091.22871,0
60237.90725,0
60384.95019,0
60532.35846,0
60680.13294,0
60828.27457,0
60976.78425,0
61125.6629,0
61274.91144,0
61424.53079,0
61574.52187,0
61724.8856,0
61875.62293,0
62026.73477,0
62178.22206,0
62330.08574,0
62482.32673,0
62634.94599,0
62787.94445,0
62941.32306,0
63095.08276,0
63249.22451,0
63403.74925,0
63558.65793,0
63713.95153,0
63869.63098,0
64025.69726,0
64182.15132,0
64338.99414,0
64496.22667,0
64653.8499,0
64811.86479,0
64970.27232,0
65129.07346,0
65288.26921,0
65447.86053,0
65607.84841,0
65768.23385,0
65929.01783,0
66090.20134,0
66251.78538,0
66413.77095,0
66576.15905,0
66738.95067,0
66902.14683,0
67065.74853,0
67229.75677,0
67394.17258,0
67558.99697,0
67724.23095,0
67889.87555,0
68055.93179,0
68222.40068,0
68389.28327,0
68556.58058,0
68724.29364,0
68892.42349,0
69060.97116,0
69229.9377,0
69399.32415,0
69569.13155,0
69739.36096,0
69910.01342,0
70081.08998,0
70252.59171,0
70424.51967,0
70596.8749,0
70769.65848,0
70942.87148,0
71116.51496,0
71290.58999,0
71465.09765,0
71640.03902,0
71815.41517,0
71991.2272,0
72167.47618,0
72344.1632,0
72521.28935,0
72698.85573,0
72876.86343,0
73055.31356,0
73234.2072,0
73413.54548,0
73593.32949,0
73773.56034,0
73954.23915,0
74135.36703,0
74316.94511,0
74498.97449,0
74681.45631,0
74864.39169,0
75047.78177,0
75231.62766,0
75415.93052,0
75600.69147,0
75785.91166,0
75971.59222,0
76157.73432,0
76344.33909,0
76531.40769,0
76718.94127,0
76906.94099,0
77095.40801,0
77284.34349,0
77473.74861,0
77663.62453,0
77853.97241,0
78044.79345,0
78236.08881,0
78427.85968,0
78620.10724,0
78812.83268,0
79006.03718,0
79199.72195,0
79393.88817,0
79588.53705,0
79783.66978,0
79979.28757,0
80175.39164,0
80371.98318,0
80569.06341,0
80766.63356,0
80964.69484,0
81163.24847,0
81362.29567,0
81561.83769,0
81761.87575,0
81962.41108,0
82163.44492,0
82364.97852,0
82567.01311,0
82769.54996,0
82972.5903,0
83176.13538,0
83380.18648,0
83584.74484,0
83789.81173,0
83995.38842,0
84201.47617,0
84408.07626,0
84615.18997,0
84822.81856,0
85030.96333,0
85239.62556,0
85448.80653,0
85658.50755,0
85868.7299,0
86079.47488,0
86290.74379,0
86502.53794,0
86714.85864,0
86927.70719,0
87141.08491,0
87354.99313,0
87569.43315,0
87784.4063,0
87999.91391,0
88215.95732,0
88432.53785,0
88649.65684,0
88867.31564,0
89085.51558,0
89304.25801,0
89523.5443,0
89743.37578,0
89963.75381,0
90184.67977,0
90406.155,0
90628.18089,0
90850.75879,0
91073.89009,0
91297.57616,0
91521.81839,0
91746.61815,0
91971.97684,0
92197.89585,0
92424.37657,0
92651.4204,0
92879.02874,0
93107.203,0
93335.9446,0
93565.25493,0
93795.13541,0
94025.58748,0
94256.61254,0
94488.21203,0
94720.38737,0
94953.14001,0
95186.47137,0
95420.38289,0
95654.87603,0
95889.95223,0
96125.61294,0
96361.85962,0
96598.69372,0
96836.11672,0
97074.13006,0
97312.73524,0
97551.9337,0
97791.72695,0
98032.11645,0
98273.10369,0
98514.69015,0
98756.87734,0
98999.66675,0
99243.05987,0
99487.0582,0
99731.66327,0
99976.87656,0
100222.6996,0
100469.1339,0
100716.181,0
100963.8425,0
101212.1197,0
101461.0144,0
101710.5279,0
101960.6619,0
102211.418,0
102462.7975,0
102714.8022,0
102967.4335,0
103220.6931,0
103474.5824,0
103729.1031,0
103984.2567,0
104240.0448,0
104496.4689,0
104753.5308,0
105011.2319,0
105269.5738,0
105528.5581,0
105788.1865,0
106048.4606,0
106309.3818,0
106570.952,0
106833.1726,0
107096.0453,0
107359.5717,0
107623.7535,0
107888.5922,0
108154.0895,0
108420.2471,0
108687.0666,0
108954.5497,0
109222.6979,0
109491.5129,0
109760.9965,0
110031.1503,0
110301.9759,0
110573.475,0
110845.6493,0
111118.5005,0
111392.0302,0
111666.2402,0
111941.1321,0
112216.7077,0
112492.9686,0
112769.9166,0
113047.5533,0
113325.8804,0
113604.8998,0
113884.6131,0
114165.022,0
114446.1283,0
114727.9337,0
115010.44,0
115293.6489,0
115577.5621,0
115862.1814,0
116147.5085,0
116433.5453,0
116720.2935,0
117007.7548,0
117295.931,0
117584.824,0
117874.4354,0
118164.7672,0
118455.821,0
118747.5987,0
119040.102,0
119333.3329,0
119627.293,0
119921.9843,0
120217.4085,0
120513.5674,0
120810.4629,0
121108.0969,0
121406.4711,0
121705.5874,0
122005.4476,0
122306.0537,0
122607.4074,0
122909.5106,0
123212.3652,0
123515.973,0
123820.336,0
124125.456,0
124431.3349,0
124737.9746,0
125045.3769,0
125353.5438,0
125662.4772,0
125972.179,0
126282.6511,0
126593.8954,0
126905.9138,0
127218.7083,0
127532.2808,0
127846.6333,0
128161.7676,0
128477.6858,0
128794.3897,0
129111.8813,0
129430.1627,0
129749.2357,0
130069.1023,0
130389.7646,0
130711.2244,0
131033.4838,0
131356.5447,0
131680.4093,0
132005.0793,0
132330.557,0
132656.8442,0
132983.943,0
133311.8554,0
133640.5834,0
133970.1292,0
134300.4946,0
134631.6817,0
134963.6927,0
135296.5295,0
135630.1941,0
135964.6888,0
136300.0154,0
136636.1762,0
136973.1731,0
137311.0082,0
137649.6838,0
137989.2017,0
138329.5642,0
138670.7732,0
139012.8311,0
139355.7397,0
139699.5014,0
140044.1181,0
140389.5921,0
140735.9254,0
141083.1202,0
141431.1787,0
141780.1029,0
142129.8951,0
142480.5573,0
142832.0919,0
143184.5009,0
143537.7865,0
143891.9509,0
144246.9963,0
144602.9249,0
144959.7389,0
145317.4404,0
145676.0318,0
146035.5151,0
146395.8927,0
146757.1668,0
147119.3395,0
147482.4131,0
147846.39,0
148211.2722,0
148577.0621,0
148943.7619,0
149311.374,0
149679.9005,0
150049.3437,0
150419.706,0
150790.9896,0
151163.1968,0
151536.3298,0
151910.3911,0
152285.383,0
152661.3076,0
153038.1674,0
153415.9648,0
153794.7019,0
154174.3812,0
154555.005,0
154936.5756,0
155319.0955,0
155702.5669,0
156086.9923,0
156472.3741,0
156858.7145,0
157246.016,0
157634.281,0
158023.5118,0
158413.711,0
158804.8808,0
159197.0238,0
159590.1423,0
159984.2388,0
160379.3156,0
160775.3753,0
161172.4203,0
161570.453,0
161969.4759,0
162369.4915,0
162770.5022,0
163172.5105,0
163575.5189,0
163979.5299,0
164384.5459,0
164790.5696,0
165197.6033,0
165605.6496,0
166014.7111,0
166424.7902,0
166835.8895,0
167248.0115,0
167661.1588,0
168075.3339,0
168490.5394,0
168906.7778,0
169324.0518,0
169742.3638,0
170161.7166,0
170582.1126,0
171003.5544,0
171426.0448,0
171849.5862,0
172274.1813,0
172699.8327,0
173126.5431,0
173554.3151,0
173983.1513,0
174413.0543,0
174844.0269,0
175276.0718,0
175709.1914,0
176143.3886,0
176578.6661,0
177015.0264,0
177452.4724,0
177891.0066,0
178330.6319,0
178771.3509,0
179213.1664,0
179656.0811,0
180100.0977,0
180545.2189,0
180991.4476,0
181438.7864,0
181887.2382,0
182336.8057,0
182787.4917,0
183239.2989,0
183692.2302,0
184146.2884,0
184601.4762,0
185057.7966,0
185515.2522,0
185973.8459,0
186433.5806,0
186894.459,0
187356.4842,0
187819.6588,0
188283.9858,0
188749.468,0
189216.1083,0
189683.9096,0
190152.8747,0
190623.0067,0
191094.3083,0
191566.7825,0
192040.4322,0
192515.2604,0
192991.2699,0
193468.4637,0
193946.8448,0
194426.4161,0
194907.1806,0
195389.1412,0
195872.3009,0
196356.6628,0
196842.2297,0
197329.0048,0
197816.9909,0
198306.1912,0
198796.6086,0
199288.2462,0
199781.107,0
200275.1941,0
200770.5105,0
201267.0592,0
201764.8434,0
202263.8661,0
202764.1304,0
203265.6394,0
203768.3962,0
204272.4038,0
204777.6655,0
205284.1843,0
205791.9634,0
206301.0058,0
206811.3148,0
207322.8935,0
207835.745,0
208349.8725,0
208865.2793,0
209381.9684,0
209899.9431,0
210419.2066,0
210939.762,0
211461.6127,0
211984.7618,0
212509.2125,0
213034.9681,0
213562.0319,0
214090.4071,0
214620.0969,0
215151.1047,0
215683.4337,0
216217.0872,0
216752.0685,0
217288.3809,0
217826.0277,0
218365.0123,0
218905.3379,0
219447.008,0
219990.0258,0
220534.3947,0
221080.1181,0
221627.1994,0
222175.6418,0
222725.4489,0
223276.6241,0
223829.1706,0
224383.092,0
224938.3916,0
225495.0729,0
226053.1393,0
226612.5944,0
227173.4414,0
227735.6839,0
228299.3255,0
228864.3694,0
229430.8193,0
229998.6787,0
230567.951,0
231138.6398,0
231710.7485,0
232284.2808,0
232859.2402,0
233435.6302,0
234013.4544,0
234592.7163,0
235173.4196,0
235755.5678,0
236339.1645,0
236924.2133,0
237510.7179,0
238098.6819,0
238688.1088,0
239279.0024,0
239871.3663,0
240465.2041,0
241060.5196,0
241657.3163,0
242255.598,0
242855.3685,0
243456.6313,0
244059.3902,0
244663.6489,0
245269.4112,0
245876.6808,0
246485.4614,0
247095.7569,0
247707.5709,0
248320.9074,0
248935.7699,0
249552.1625,0
250170.0888,0
250789.5526,0
251410.5579,0
252033.1085,0
252657.2081,0
253282.8607,0
253910.0701,0
254538.8401,0
255169.1748,0
255801.0779,0
256434.5534,0
257069.6052,0
257706.2372,0
258344.4534,0
258984.2576,0
259625.6539,0
260268.6462,0
260913.2384,0
261559.4346,0
262207.2388,0
262856.655,0
